{"lat":-5.8982747,"lon":-35.2709643,"date":"2020-02-13T20:02:11.787Z","status":"server: success!","timestamp":1581624132510,"_id":"74fQYYu9A25npKPl"}
{"lat":-5.8594717,"lon":-35.205899,"date":"2020-02-13T16:56:13.567Z","status":"server: success!","timestamp":1581612991667,"_id":"GQZzo5yqiD06tKDV"}
{"lat":-5.8596715,"lon":-35.2060037,"date":"2020-02-13T16:57:05.606Z","status":"server: success!","timestamp":1581613040263,"_id":"OuTIc1kD4zT60sB8"}
{"lat":-5.8982767,"lon":-35.2709554,"date":"2020-02-13T20:01:57.371Z","status":"server: success!","timestamp":1581624118192,"_id":"QevKoO4zJE0I9pmz"}
{"lat":-5.8596715,"lon":-35.2060037,"date":"2020-02-13T16:57:19.720Z","status":"server: success!","timestamp":1581613041060,"_id":"Sg9YQcPUMVLy6Eec"}
{"lat":-5.8596715,"lon":-35.2060037,"date":"2020-02-13T16:56:37.038Z","status":"server: success!","timestamp":1581612998358,"_id":"Sm7inCexQ3EZWVn6"}
{"lat":-5.8596715,"lon":-35.2060037,"date":"2020-02-13T19:24:00.829Z","status":"server: success!","timestamp":1581621841569,"_id":"lnGzpuCZpZARTgs7"}
{"lat":-5.8596715,"lon":-35.2060037,"date":"2020-02-13T16:56:50.276Z","status":"server: success!","timestamp":1581613023387,"_id":"pCkBzYas9FDCoJHy"}
{"lat":-5.8595773,"lon":-35.2060353,"date":"2020-02-13T17:02:38.072Z","status":"server: success!","timestamp":1581613362437,"_id":"vVC8NCHgxppVuOWq"}
{"lat":-5.8596715,"lon":-35.2060037,"date":"2020-02-13T21:52:47.488Z","status":"server: success!","timestamp":1581630769381,"_id":"fnJn4wpRwIzLATm4"}
{"lat":-5.859385128132999,"lon":-35.205737510696046,"date":"2020-02-13T23:56:46.633Z","status":"server: success!","timestamp":1581638207884,"_id":"NULc501obT5T7M4e"}
{"lat":-5.8596715,"lon":-35.2060037,"date":"2020-02-13T23:56:55.427Z","status":"server: success!","timestamp":1581638216633,"_id":"fIwMjL9yiOB1BDO4"}
{"lat":-5.8596715,"lon":-35.2060037,"date":"2020-02-13T23:57:08.210Z","status":"server: success!","timestamp":1581638229446,"_id":"vWG7PRkSRuqFeAcO"}
{"lat":56.1537024,"lon":10.181017599999999,"date":"2020-02-14T05:43:24.098Z","status":"server: success!","timestamp":1581659005102,"_id":"yaJBTmlfbYRCsyaF"}
